evaluable_ca,frame_evaluable,frame_has_inversion,frame_index,inverted_ca,path,side,system
17,True,False,0,0,trpcage_duet_seed211_p3,raw,trpcage
17,True,False,1,0,trpcage_duet_seed211_p3,raw,trpcage
17,True,False,2,0,trpcage_duet_seed211_p3,raw,trpcage
17,True,False,3,0,trpcage_duet_seed211_p3,raw,trpcage
17,True,False,4,0,trpcage_duet_seed211_p3,raw,trpcage
17,True,False,5,0,trpcage_duet_seed211_p3,raw,trpcage
17,True,False,6,0,trpcage_duet_seed211_p3,raw,trpcage
17,True,False,7,0,trpcage_duet_seed211_p3,raw,trpcage
17,True,False,8,0,trpcage_duet_seed211_p3,raw,trpcage
17,True,False,9,0,trpcage_duet_seed211_p3,raw,trpcage
17,True,False,10,0,trpcage_duet_seed211_p3,raw,trpcage
17,True,False,11,0,trpcage_duet_seed211_p3,raw,trpcage
17,True,False,12,0,trpcage_duet_seed211_p3,raw,trpcage
17,True,False,13,0,trpcage_duet_seed211_p3,raw,trpcage
17,True,False,14,0,trpcage_duet_seed211_p3,raw,trpcage
17,True,False,15,0,trpcage_duet_seed211_p3,raw,trpcage
17,True,False,16,0,trpcage_duet_seed211_p3,raw,trpcage
17,True,False,17,0,trpcage_duet_seed211_p3,raw,trpcage
17,True,False,18,0,trpcage_duet_seed211_p3,raw,trpcage
17,True,False,19,0,trpcage_duet_seed211_p3,raw,trpcage
17,True,False,20,0,trpcage_duet_seed211_p3,raw,trpcage
17,True,False,21,0,trpcage_duet_seed211_p3,raw,trpcage
17,True,False,22,0,trpcage_duet_seed211_p3,raw,trpcage
17,True,False,23,0,trpcage_duet_seed211_p3,raw,trpcage
17,True,False,24,0,trpcage_duet_seed211_p3,raw,trpcage
17,True,False,25,0,trpcage_duet_seed211_p3,raw,trpcage
17,True,False,26,0,trpcage_duet_seed211_p3,raw,trpcage
17,True,False,27,0,trpcage_duet_seed211_p3,raw,trpcage
17,True,False,28,0,trpcage_duet_seed211_p3,raw,trpcage
17,True,False,29,0,trpcage_duet_seed211_p3,raw,trpcage
17,True,False,30,0,trpcage_duet_seed211_p3,raw,trpcage
17,True,False,31,0,trpcage_duet_seed211_p3,raw,trpcage
17,True,False,32,0,trpcage_duet_seed211_p3,raw,trpcage
17,True,True,0,7,trpcage_duet_seed211_p3,relaxed,trpcage
17,True,True,1,5,trpcage_duet_seed211_p3,relaxed,trpcage
17,True,True,2,3,trpcage_duet_seed211_p3,relaxed,trpcage
17,True,True,3,3,trpcage_duet_seed211_p3,relaxed,trpcage
16,True,True,4,5,trpcage_duet_seed211_p3,relaxed,trpcage
17,True,True,5,4,trpcage_duet_seed211_p3,relaxed,trpcage
17,True,True,6,2,trpcage_duet_seed211_p3,relaxed,trpcage
17,True,True,7,2,trpcage_duet_seed211_p3,relaxed,trpcage
17,True,True,8,2,trpcage_duet_seed211_p3,relaxed,trpcage
17,True,True,9,2,trpcage_duet_seed211_p3,relaxed,trpcage
17,True,True,10,3,trpcage_duet_seed211_p3,relaxed,trpcage
17,True,True,11,3,trpcage_duet_seed211_p3,relaxed,trpcage
17,True,True,12,2,trpcage_duet_seed211_p3,relaxed,trpcage
17,True,True,13,2,trpcage_duet_seed211_p3,relaxed,trpcage
17,True,True,14,3,trpcage_duet_seed211_p3,relaxed,trpcage
17,True,True,15,2,trpcage_duet_seed211_p3,relaxed,trpcage
17,True,True,16,1,trpcage_duet_seed211_p3,relaxed,trpcage
17,True,True,17,1,trpcage_duet_seed211_p3,relaxed,trpcage
17,True,True,18,1,trpcage_duet_seed211_p3,relaxed,trpcage
17,True,True,19,1,trpcage_duet_seed211_p3,relaxed,trpcage
17,True,True,20,2,trpcage_duet_seed211_p3,relaxed,trpcage
17,True,True,21,1,trpcage_duet_seed211_p3,relaxed,trpcage
17,True,True,22,2,trpcage_duet_seed211_p3,relaxed,trpcage
17,True,False,23,0,trpcage_duet_seed211_p3,relaxed,trpcage
17,True,True,24,2,trpcage_duet_seed211_p3,relaxed,trpcage
17,True,False,25,0,trpcage_duet_seed211_p3,relaxed,trpcage
17,True,False,26,0,trpcage_duet_seed211_p3,relaxed,trpcage
17,True,True,27,1,trpcage_duet_seed211_p3,relaxed,trpcage
17,True,True,28,1,trpcage_duet_seed211_p3,relaxed,trpcage
17,True,False,29,0,trpcage_duet_seed211_p3,relaxed,trpcage
17,True,True,30,1,trpcage_duet_seed211_p3,relaxed,trpcage
17,True,False,31,0,trpcage_duet_seed211_p3,relaxed,trpcage
16,True,False,32,0,trpcage_duet_seed211_p3,relaxed,trpcage
17,True,False,0,0,trpcage_frozen_seed223_p6,raw,trpcage
17,True,False,1,0,trpcage_frozen_seed223_p6,raw,trpcage
17,True,False,2,0,trpcage_frozen_seed223_p6,raw,trpcage
17,True,False,3,0,trpcage_frozen_seed223_p6,raw,trpcage
17,True,False,4,0,trpcage_frozen_seed223_p6,raw,trpcage
17,True,False,5,0,trpcage_frozen_seed223_p6,raw,trpcage
17,True,False,6,0,trpcage_frozen_seed223_p6,raw,trpcage
17,True,False,7,0,trpcage_frozen_seed223_p6,raw,trpcage
17,True,False,8,0,trpcage_frozen_seed223_p6,raw,trpcage
17,True,False,9,0,trpcage_frozen_seed223_p6,raw,trpcage
17,True,False,10,0,trpcage_frozen_seed223_p6,raw,trpcage
17,True,False,11,0,trpcage_frozen_seed223_p6,raw,trpcage
17,True,False,12,0,trpcage_frozen_seed223_p6,raw,trpcage
17,True,False,13,0,trpcage_frozen_seed223_p6,raw,trpcage
17,True,False,14,0,trpcage_frozen_seed223_p6,raw,trpcage
17,True,False,15,0,trpcage_frozen_seed223_p6,raw,trpcage
17,True,False,16,0,trpcage_frozen_seed223_p6,raw,trpcage
17,True,False,17,0,trpcage_frozen_seed223_p6,raw,trpcage
17,True,False,18,0,trpcage_frozen_seed223_p6,raw,trpcage
17,True,False,19,0,trpcage_frozen_seed223_p6,raw,trpcage
17,True,False,20,0,trpcage_frozen_seed223_p6,raw,trpcage
17,True,False,21,0,trpcage_frozen_seed223_p6,raw,trpcage
17,True,False,22,0,trpcage_frozen_seed223_p6,raw,trpcage
17,True,False,23,0,trpcage_frozen_seed223_p6,raw,trpcage
17,True,False,24,0,trpcage_frozen_seed223_p6,raw,trpcage
17,True,False,25,0,trpcage_frozen_seed223_p6,raw,trpcage
17,True,False,26,0,trpcage_frozen_seed223_p6,raw,trpcage
17,True,False,27,0,trpcage_frozen_seed223_p6,raw,trpcage
17,True,False,28,0,trpcage_frozen_seed223_p6,raw,trpcage
17,True,False,29,0,trpcage_frozen_seed223_p6,raw,trpcage
17,True,False,30,0,trpcage_frozen_seed223_p6,raw,trpcage
17,True,False,31,0,trpcage_frozen_seed223_p6,raw,trpcage
17,True,False,32,0,trpcage_frozen_seed223_p6,raw,trpcage
17,True,True,0,7,trpcage_frozen_seed223_p6,relaxed,trpcage
17,True,True,1,7,trpcage_frozen_seed223_p6,relaxed,trpcage
17,True,True,2,6,trpcage_frozen_seed223_p6,relaxed,trpcage
17,True,True,3,6,trpcage_frozen_seed223_p6,relaxed,trpcage
17,True,True,4,7,trpcage_frozen_seed223_p6,relaxed,trpcage
17,True,True,5,6,trpcage_frozen_seed223_p6,relaxed,trpcage
17,True,True,6,4,trpcage_frozen_seed223_p6,relaxed,trpcage
17,True,True,7,5,trpcage_frozen_seed223_p6,relaxed,trpcage
17,True,True,8,5,trpcage_frozen_seed223_p6,relaxed,trpcage
17,True,True,9,6,trpcage_frozen_seed223_p6,relaxed,trpcage
17,True,True,10,5,trpcage_frozen_seed223_p6,relaxed,trpcage
17,True,True,11,6,trpcage_frozen_seed223_p6,relaxed,trpcage
17,True,True,12,3,trpcage_frozen_seed223_p6,relaxed,trpcage
17,True,True,13,3,trpcage_frozen_seed223_p6,relaxed,trpcage
17,True,True,14,4,trpcage_frozen_seed223_p6,relaxed,trpcage
17,True,True,15,6,trpcage_frozen_seed223_p6,relaxed,trpcage
17,True,True,16,3,trpcage_frozen_seed223_p6,relaxed,trpcage
17,True,True,17,4,trpcage_frozen_seed223_p6,relaxed,trpcage
17,True,True,18,5,trpcage_frozen_seed223_p6,relaxed,trpcage
17,True,True,19,7,trpcage_frozen_seed223_p6,relaxed,trpcage
17,True,True,20,4,trpcage_frozen_seed223_p6,relaxed,trpcage
17,True,True,21,3,trpcage_frozen_seed223_p6,relaxed,trpcage
17,True,True,22,5,trpcage_frozen_seed223_p6,relaxed,trpcage
17,True,True,23,7,trpcage_frozen_seed223_p6,relaxed,trpcage
17,True,True,24,3,trpcage_frozen_seed223_p6,relaxed,trpcage
17,True,True,25,3,trpcage_frozen_seed223_p6,relaxed,trpcage
17,True,True,26,6,trpcage_frozen_seed223_p6,relaxed,trpcage
17,True,True,27,5,trpcage_frozen_seed223_p6,relaxed,trpcage
17,True,True,28,7,trpcage_frozen_seed223_p6,relaxed,trpcage
17,True,True,29,5,trpcage_frozen_seed223_p6,relaxed,trpcage
17,True,True,30,5,trpcage_frozen_seed223_p6,relaxed,trpcage
17,True,True,31,10,trpcage_frozen_seed223_p6,relaxed,trpcage
17,True,True,32,7,trpcage_frozen_seed223_p6,relaxed,trpcage
17,True,False,0,0,trpcage_duet_seed223_p3,raw,trpcage
17,True,False,1,0,trpcage_duet_seed223_p3,raw,trpcage
17,True,False,2,0,trpcage_duet_seed223_p3,raw,trpcage
17,True,False,3,0,trpcage_duet_seed223_p3,raw,trpcage
17,True,False,4,0,trpcage_duet_seed223_p3,raw,trpcage
17,True,False,5,0,trpcage_duet_seed223_p3,raw,trpcage
17,True,False,6,0,trpcage_duet_seed223_p3,raw,trpcage
17,True,False,7,0,trpcage_duet_seed223_p3,raw,trpcage
17,True,False,8,0,trpcage_duet_seed223_p3,raw,trpcage
17,True,False,9,0,trpcage_duet_seed223_p3,raw,trpcage
17,True,False,10,0,trpcage_duet_seed223_p3,raw,trpcage
17,True,False,11,0,trpcage_duet_seed223_p3,raw,trpcage
17,True,False,12,0,trpcage_duet_seed223_p3,raw,trpcage
17,True,False,13,0,trpcage_duet_seed223_p3,raw,trpcage
17,True,False,14,0,trpcage_duet_seed223_p3,raw,trpcage
17,True,False,15,0,trpcage_duet_seed223_p3,raw,trpcage
17,True,False,16,0,trpcage_duet_seed223_p3,raw,trpcage
17,True,False,17,0,trpcage_duet_seed223_p3,raw,trpcage
17,True,False,18,0,trpcage_duet_seed223_p3,raw,trpcage
17,True,False,19,0,trpcage_duet_seed223_p3,raw,trpcage
17,True,False,20,0,trpcage_duet_seed223_p3,raw,trpcage
17,True,False,21,0,trpcage_duet_seed223_p3,raw,trpcage
17,True,False,22,0,trpcage_duet_seed223_p3,raw,trpcage
17,True,False,23,0,trpcage_duet_seed223_p3,raw,trpcage
17,True,False,24,0,trpcage_duet_seed223_p3,raw,trpcage
17,True,False,25,0,trpcage_duet_seed223_p3,raw,trpcage
17,True,False,26,0,trpcage_duet_seed223_p3,raw,trpcage
17,True,False,27,0,trpcage_duet_seed223_p3,raw,trpcage
17,True,False,28,0,trpcage_duet_seed223_p3,raw,trpcage
17,True,False,29,0,trpcage_duet_seed223_p3,raw,trpcage
17,True,False,30,0,trpcage_duet_seed223_p3,raw,trpcage
17,True,False,31,0,trpcage_duet_seed223_p3,raw,trpcage
17,True,False,32,0,trpcage_duet_seed223_p3,raw,trpcage
17,True,True,0,7,trpcage_duet_seed223_p3,relaxed,trpcage
17,True,True,1,4,trpcage_duet_seed223_p3,relaxed,trpcage
16,True,True,2,3,trpcage_duet_seed223_p3,relaxed,trpcage
17,True,True,3,9,trpcage_duet_seed223_p3,relaxed,trpcage
17,True,True,4,2,trpcage_duet_seed223_p3,relaxed,trpcage
17,True,True,5,5,trpcage_duet_seed223_p3,relaxed,trpcage
17,True,True,6,1,trpcage_duet_seed223_p3,relaxed,trpcage
16,True,False,7,0,trpcage_duet_seed223_p3,relaxed,trpcage
17,True,True,8,3,trpcage_duet_seed223_p3,relaxed,trpcage
16,True,True,9,3,trpcage_duet_seed223_p3,relaxed,trpcage
17,True,True,10,2,trpcage_duet_seed223_p3,relaxed,trpcage
17,True,True,11,5,trpcage_duet_seed223_p3,relaxed,trpcage
17,True,False,12,0,trpcage_duet_seed223_p3,relaxed,trpcage
17,True,True,13,4,trpcage_duet_seed223_p3,relaxed,trpcage
17,True,True,14,3,trpcage_duet_seed223_p3,relaxed,trpcage
17,True,True,15,3,trpcage_duet_seed223_p3,relaxed,trpcage
17,True,True,16,4,trpcage_duet_seed223_p3,relaxed,trpcage
17,True,True,17,6,trpcage_duet_seed223_p3,relaxed,trpcage
17,True,True,18,3,trpcage_duet_seed223_p3,relaxed,trpcage
17,True,True,19,2,trpcage_duet_seed223_p3,relaxed,trpcage
17,True,True,20,1,trpcage_duet_seed223_p3,relaxed,trpcage
17,True,False,21,0,trpcage_duet_seed223_p3,relaxed,trpcage
17,True,True,22,3,trpcage_duet_seed223_p3,relaxed,trpcage
17,True,True,23,1,trpcage_duet_seed223_p3,relaxed,trpcage
17,True,True,24,4,trpcage_duet_seed223_p3,relaxed,trpcage
17,True,False,25,0,trpcage_duet_seed223_p3,relaxed,trpcage
17,True,True,26,2,trpcage_duet_seed223_p3,relaxed,trpcage
17,True,True,27,1,trpcage_duet_seed223_p3,relaxed,trpcage
17,True,True,28,2,trpcage_duet_seed223_p3,relaxed,trpcage
17,True,True,29,2,trpcage_duet_seed223_p3,relaxed,trpcage
17,True,True,30,2,trpcage_duet_seed223_p3,relaxed,trpcage
17,True,True,31,1,trpcage_duet_seed223_p3,relaxed,trpcage
17,True,True,32,1,trpcage_duet_seed223_p3,relaxed,trpcage
26,True,False,0,0,bba_duet_seed223_p1,raw,bba
26,True,False,1,0,bba_duet_seed223_p1,raw,bba
26,True,False,2,0,bba_duet_seed223_p1,raw,bba
26,True,False,3,0,bba_duet_seed223_p1,raw,bba
26,True,False,4,0,bba_duet_seed223_p1,raw,bba
26,True,False,5,0,bba_duet_seed223_p1,raw,bba
26,True,False,6,0,bba_duet_seed223_p1,raw,bba
26,True,False,7,0,bba_duet_seed223_p1,raw,bba
26,True,False,8,0,bba_duet_seed223_p1,raw,bba
26,True,False,9,0,bba_duet_seed223_p1,raw,bba
26,True,False,10,0,bba_duet_seed223_p1,raw,bba
26,True,False,11,0,bba_duet_seed223_p1,raw,bba
26,True,False,12,0,bba_duet_seed223_p1,raw,bba
26,True,False,13,0,bba_duet_seed223_p1,raw,bba
26,True,False,14,0,bba_duet_seed223_p1,raw,bba
26,True,False,15,0,bba_duet_seed223_p1,raw,bba
26,True,False,16,0,bba_duet_seed223_p1,raw,bba
26,True,False,17,0,bba_duet_seed223_p1,raw,bba
26,True,False,18,0,bba_duet_seed223_p1,raw,bba
26,True,False,19,0,bba_duet_seed223_p1,raw,bba
26,True,False,20,0,bba_duet_seed223_p1,raw,bba
26,True,False,21,0,bba_duet_seed223_p1,raw,bba
26,True,False,22,0,bba_duet_seed223_p1,raw,bba
26,True,False,23,0,bba_duet_seed223_p1,raw,bba
26,True,False,24,0,bba_duet_seed223_p1,raw,bba
26,True,False,25,0,bba_duet_seed223_p1,raw,bba
26,True,False,26,0,bba_duet_seed223_p1,raw,bba
26,True,False,27,0,bba_duet_seed223_p1,raw,bba
26,True,False,28,0,bba_duet_seed223_p1,raw,bba
26,True,False,29,0,bba_duet_seed223_p1,raw,bba
26,True,False,30,0,bba_duet_seed223_p1,raw,bba
26,True,False,31,0,bba_duet_seed223_p1,raw,bba
26,True,False,32,0,bba_duet_seed223_p1,raw,bba
26,True,True,0,12,bba_duet_seed223_p1,relaxed,bba
26,True,True,1,11,bba_duet_seed223_p1,relaxed,bba
26,True,True,2,10,bba_duet_seed223_p1,relaxed,bba
26,True,True,3,7,bba_duet_seed223_p1,relaxed,bba
26,True,True,4,8,bba_duet_seed223_p1,relaxed,bba
26,True,True,5,8,bba_duet_seed223_p1,relaxed,bba
26,True,True,6,7,bba_duet_seed223_p1,relaxed,bba
26,True,True,7,8,bba_duet_seed223_p1,relaxed,bba
26,True,True,8,7,bba_duet_seed223_p1,relaxed,bba
26,True,True,9,5,bba_duet_seed223_p1,relaxed,bba
26,True,True,10,7,bba_duet_seed223_p1,relaxed,bba
26,True,True,11,5,bba_duet_seed223_p1,relaxed,bba
26,True,True,12,2,bba_duet_seed223_p1,relaxed,bba
26,True,True,13,3,bba_duet_seed223_p1,relaxed,bba
26,True,True,14,5,bba_duet_seed223_p1,relaxed,bba
26,True,True,15,7,bba_duet_seed223_p1,relaxed,bba
26,True,True,16,3,bba_duet_seed223_p1,relaxed,bba
26,True,True,17,3,bba_duet_seed223_p1,relaxed,bba
26,True,True,18,3,bba_duet_seed223_p1,relaxed,bba
26,True,True,19,5,bba_duet_seed223_p1,relaxed,bba
26,True,True,20,4,bba_duet_seed223_p1,relaxed,bba
26,True,True,21,5,bba_duet_seed223_p1,relaxed,bba
26,True,True,22,5,bba_duet_seed223_p1,relaxed,bba
24,True,True,23,2,bba_duet_seed223_p1,relaxed,bba
26,True,True,24,5,bba_duet_seed223_p1,relaxed,bba
26,True,True,25,3,bba_duet_seed223_p1,relaxed,bba
26,True,True,26,8,bba_duet_seed223_p1,relaxed,bba
26,True,True,27,2,bba_duet_seed223_p1,relaxed,bba
26,True,True,28,4,bba_duet_seed223_p1,relaxed,bba
26,True,True,29,4,bba_duet_seed223_p1,relaxed,bba
26,True,True,30,4,bba_duet_seed223_p1,relaxed,bba
26,True,True,31,5,bba_duet_seed223_p1,relaxed,bba
26,True,True,32,7,bba_duet_seed223_p1,relaxed,bba
26,True,False,0,0,bba_frozen_seed211_p0,raw,bba
26,True,False,1,0,bba_frozen_seed211_p0,raw,bba
26,True,False,2,0,bba_frozen_seed211_p0,raw,bba
26,True,False,3,0,bba_frozen_seed211_p0,raw,bba
26,True,False,4,0,bba_frozen_seed211_p0,raw,bba
26,True,False,5,0,bba_frozen_seed211_p0,raw,bba
26,True,False,6,0,bba_frozen_seed211_p0,raw,bba
26,True,False,7,0,bba_frozen_seed211_p0,raw,bba
26,True,False,8,0,bba_frozen_seed211_p0,raw,bba
26,True,False,9,0,bba_frozen_seed211_p0,raw,bba
26,True,False,10,0,bba_frozen_seed211_p0,raw,bba
26,True,False,11,0,bba_frozen_seed211_p0,raw,bba
26,True,False,12,0,bba_frozen_seed211_p0,raw,bba
26,True,False,13,0,bba_frozen_seed211_p0,raw,bba
26,True,False,14,0,bba_frozen_seed211_p0,raw,bba
26,True,False,15,0,bba_frozen_seed211_p0,raw,bba
26,True,False,16,0,bba_frozen_seed211_p0,raw,bba
26,True,False,17,0,bba_frozen_seed211_p0,raw,bba
26,True,False,18,0,bba_frozen_seed211_p0,raw,bba
26,True,False,19,0,bba_frozen_seed211_p0,raw,bba
26,True,False,20,0,bba_frozen_seed211_p0,raw,bba
26,True,False,21,0,bba_frozen_seed211_p0,raw,bba
26,True,False,22,0,bba_frozen_seed211_p0,raw,bba
26,True,False,23,0,bba_frozen_seed211_p0,raw,bba
26,True,False,24,0,bba_frozen_seed211_p0,raw,bba
26,True,False,25,0,bba_frozen_seed211_p0,raw,bba
26,True,False,26,0,bba_frozen_seed211_p0,raw,bba
26,True,False,27,0,bba_frozen_seed211_p0,raw,bba
26,True,False,28,0,bba_frozen_seed211_p0,raw,bba
26,True,False,29,0,bba_frozen_seed211_p0,raw,bba
26,True,False,30,0,bba_frozen_seed211_p0,raw,bba
26,True,False,31,0,bba_frozen_seed211_p0,raw,bba
26,True,False,32,0,bba_frozen_seed211_p0,raw,bba
26,True,True,0,9,bba_frozen_seed211_p0,relaxed,bba
26,True,True,1,11,bba_frozen_seed211_p0,relaxed,bba
26,True,True,2,9,bba_frozen_seed211_p0,relaxed,bba
26,True,True,3,7,bba_frozen_seed211_p0,relaxed,bba
26,True,True,4,11,bba_frozen_seed211_p0,relaxed,bba
26,True,True,5,8,bba_frozen_seed211_p0,relaxed,bba
26,True,True,6,8,bba_frozen_seed211_p0,relaxed,bba
26,True,True,7,6,bba_frozen_seed211_p0,relaxed,bba
26,True,True,8,5,bba_frozen_seed211_p0,relaxed,bba
26,True,True,9,6,bba_frozen_seed211_p0,relaxed,bba
26,True,True,10,8,bba_frozen_seed211_p0,relaxed,bba
26,True,True,11,11,bba_frozen_seed211_p0,relaxed,bba
26,True,True,12,10,bba_frozen_seed211_p0,relaxed,bba
26,True,True,13,10,bba_frozen_seed211_p0,relaxed,bba
26,True,False,14,0,bba_frozen_seed211_p0,relaxed,bba
26,True,True,15,3,bba_frozen_seed211_p0,relaxed,bba
26,True,True,16,8,bba_frozen_seed211_p0,relaxed,bba
23,True,True,17,10,bba_frozen_seed211_p0,relaxed,bba
24,True,True,18,8,bba_frozen_seed211_p0,relaxed,bba
26,True,True,19,9,bba_frozen_seed211_p0,relaxed,bba
26,True,True,20,8,bba_frozen_seed211_p0,relaxed,bba
26,True,True,21,5,bba_frozen_seed211_p0,relaxed,bba
26,True,True,22,9,bba_frozen_seed211_p0,relaxed,bba
26,True,True,23,4,bba_frozen_seed211_p0,relaxed,bba
26,True,True,24,6,bba_frozen_seed211_p0,relaxed,bba
26,True,True,25,7,bba_frozen_seed211_p0,relaxed,bba
26,True,True,26,5,bba_frozen_seed211_p0,relaxed,bba
23,True,True,27,7,bba_frozen_seed211_p0,relaxed,bba
26,True,True,28,12,bba_frozen_seed211_p0,relaxed,bba
26,True,True,29,8,bba_frozen_seed211_p0,relaxed,bba
26,True,True,30,7,bba_frozen_seed211_p0,relaxed,bba
26,True,True,31,9,bba_frozen_seed211_p0,relaxed,bba
26,True,True,32,9,bba_frozen_seed211_p0,relaxed,bba
26,True,False,0,0,bba_duet_seed211_p1,raw,bba
26,True,False,1,0,bba_duet_seed211_p1,raw,bba
26,True,False,2,0,bba_duet_seed211_p1,raw,bba
26,True,False,3,0,bba_duet_seed211_p1,raw,bba
26,True,False,4,0,bba_duet_seed211_p1,raw,bba
26,True,False,5,0,bba_duet_seed211_p1,raw,bba
26,True,False,6,0,bba_duet_seed211_p1,raw,bba
26,True,False,7,0,bba_duet_seed211_p1,raw,bba
26,True,False,8,0,bba_duet_seed211_p1,raw,bba
26,True,False,9,0,bba_duet_seed211_p1,raw,bba
26,True,False,10,0,bba_duet_seed211_p1,raw,bba
26,True,False,11,0,bba_duet_seed211_p1,raw,bba
26,True,False,12,0,bba_duet_seed211_p1,raw,bba
26,True,False,13,0,bba_duet_seed211_p1,raw,bba
26,True,False,14,0,bba_duet_seed211_p1,raw,bba
26,True,False,15,0,bba_duet_seed211_p1,raw,bba
26,True,False,16,0,bba_duet_seed211_p1,raw,bba
26,True,False,17,0,bba_duet_seed211_p1,raw,bba
26,True,False,18,0,bba_duet_seed211_p1,raw,bba
26,True,False,19,0,bba_duet_seed211_p1,raw,bba
26,True,False,20,0,bba_duet_seed211_p1,raw,bba
26,True,False,21,0,bba_duet_seed211_p1,raw,bba
26,True,False,22,0,bba_duet_seed211_p1,raw,bba
26,True,False,23,0,bba_duet_seed211_p1,raw,bba
26,True,False,24,0,bba_duet_seed211_p1,raw,bba
26,True,False,25,0,bba_duet_seed211_p1,raw,bba
26,True,False,26,0,bba_duet_seed211_p1,raw,bba
26,True,False,27,0,bba_duet_seed211_p1,raw,bba
26,True,False,28,0,bba_duet_seed211_p1,raw,bba
26,True,False,29,0,bba_duet_seed211_p1,raw,bba
26,True,False,30,0,bba_duet_seed211_p1,raw,bba
26,True,False,31,0,bba_duet_seed211_p1,raw,bba
26,True,False,32,0,bba_duet_seed211_p1,raw,bba
26,True,True,0,10,bba_duet_seed211_p1,relaxed,bba
26,True,True,1,5,bba_duet_seed211_p1,relaxed,bba
26,True,True,2,4,bba_duet_seed211_p1,relaxed,bba
22,True,True,3,5,bba_duet_seed211_p1,relaxed,bba
26,True,True,4,6,bba_duet_seed211_p1,relaxed,bba
26,True,True,5,7,bba_duet_seed211_p1,relaxed,bba
26,True,True,6,5,bba_duet_seed211_p1,relaxed,bba
26,True,True,7,7,bba_duet_seed211_p1,relaxed,bba
26,True,True,8,4,bba_duet_seed211_p1,relaxed,bba
26,True,True,9,4,bba_duet_seed211_p1,relaxed,bba
26,True,True,10,6,bba_duet_seed211_p1,relaxed,bba
26,True,True,11,3,bba_duet_seed211_p1,relaxed,bba
24,True,True,12,3,bba_duet_seed211_p1,relaxed,bba
26,True,True,13,7,bba_duet_seed211_p1,relaxed,bba
26,True,True,14,6,bba_duet_seed211_p1,relaxed,bba
26,True,True,15,6,bba_duet_seed211_p1,relaxed,bba
26,True,True,16,4,bba_duet_seed211_p1,relaxed,bba
26,True,True,17,5,bba_duet_seed211_p1,relaxed,bba
26,True,True,18,3,bba_duet_seed211_p1,relaxed,bba
26,True,True,19,1,bba_duet_seed211_p1,relaxed,bba
22,True,False,20,0,bba_duet_seed211_p1,relaxed,bba
26,True,True,21,5,bba_duet_seed211_p1,relaxed,bba
23,True,True,22,2,bba_duet_seed211_p1,relaxed,bba
26,True,True,23,2,bba_duet_seed211_p1,relaxed,bba
26,True,True,24,1,bba_duet_seed211_p1,relaxed,bba
26,True,True,25,6,bba_duet_seed211_p1,relaxed,bba
26,True,True,26,4,bba_duet_seed211_p1,relaxed,bba
26,True,True,27,6,bba_duet_seed211_p1,relaxed,bba
26,True,True,28,5,bba_duet_seed211_p1,relaxed,bba
26,True,True,29,4,bba_duet_seed211_p1,relaxed,bba
26,True,True,30,6,bba_duet_seed211_p1,relaxed,bba
26,True,True,31,11,bba_duet_seed211_p1,relaxed,bba
26,True,True,32,2,bba_duet_seed211_p1,relaxed,bba
295,True,False,0,0,prmt6_official_forward_p3,raw,prmt6
295,True,False,1,0,prmt6_official_forward_p3,raw,prmt6
295,True,False,2,0,prmt6_official_forward_p3,raw,prmt6
295,True,False,3,0,prmt6_official_forward_p3,raw,prmt6
295,True,False,4,0,prmt6_official_forward_p3,raw,prmt6
295,True,False,0,0,prmt6_official_forward_p3,relaxed,prmt6
295,True,True,1,20,prmt6_official_forward_p3,relaxed,prmt6
294,True,True,2,15,prmt6_official_forward_p3,relaxed,prmt6
295,True,True,3,24,prmt6_official_forward_p3,relaxed,prmt6
295,True,True,4,22,prmt6_official_forward_p3,relaxed,prmt6
295,True,False,0,0,prmt6_official_forward_p2,raw,prmt6
295,True,False,1,0,prmt6_official_forward_p2,raw,prmt6
295,True,False,2,0,prmt6_official_forward_p2,raw,prmt6
295,True,False,3,0,prmt6_official_forward_p2,raw,prmt6
295,True,False,4,0,prmt6_official_forward_p2,raw,prmt6
295,True,False,0,0,prmt6_official_forward_p2,relaxed,prmt6
295,True,True,1,12,prmt6_official_forward_p2,relaxed,prmt6
295,True,True,2,24,prmt6_official_forward_p2,relaxed,prmt6
295,True,True,3,15,prmt6_official_forward_p2,relaxed,prmt6
295,True,True,4,26,prmt6_official_forward_p2,relaxed,prmt6
295,True,False,0,0,prmt6_current_custom_sde_p3,raw,prmt6
295,True,False,1,0,prmt6_current_custom_sde_p3,raw,prmt6
295,True,False,2,0,prmt6_current_custom_sde_p3,raw,prmt6
295,True,False,3,0,prmt6_current_custom_sde_p3,raw,prmt6
295,True,False,4,0,prmt6_current_custom_sde_p3,raw,prmt6
295,True,False,0,0,prmt6_current_custom_sde_p3,relaxed,prmt6
295,True,False,1,0,prmt6_current_custom_sde_p3,relaxed,prmt6
295,True,True,2,19,prmt6_current_custom_sde_p3,relaxed,prmt6
295,True,True,3,10,prmt6_current_custom_sde_p3,relaxed,prmt6
295,True,True,4,15,prmt6_current_custom_sde_p3,relaxed,prmt6
