uniprot_residue,model_index_0based,prepared_pdb_residue,start_resname,6w6d_resname
53,0,1,ASP,ASP
54,1,2,VAL,VAL
55,2,3,SER,SER
56,3,4,VAL,VAL
57,4,5,HIS,HIS
58,5,6,GLU,GLU
59,6,7,GLU,GLU
60,7,8,MET,MET
61,8,9,ILE,ILE
62,9,10,ALA,ALA
63,10,11,ASP,ASP
64,11,12,ARG,ARG
65,12,13,VAL,VAL
66,13,14,ARG,ARG
67,14,15,THR,THR
68,15,16,ASP,ASP
69,16,17,ALA,ALA
70,17,18,TYR,TYR
71,18,19,ARG,ARG
72,19,20,LEU,LEU
73,20,21,GLY,GLY
74,21,22,ILE,ILE
75,22,23,LEU,LEU
76,23,24,ARG,ARG
77,24,25,ASN,ASN
78,25,26,TRP,TRP
79,26,27,ALA,ALA
80,27,28,ALA,ALA
81,28,29,LEU,LEU
82,29,30,ARG,ARG
83,30,31,GLY,GLY
84,31,32,LYS,LYS
85,32,33,THR,THR
86,33,34,VAL,VAL
87,34,35,LEU,LEU
88,35,36,ASP,ASP
89,36,37,VAL,VAL
90,37,38,GLY,GLY
91,38,39,ALA,ALA
92,39,40,GLY,GLY
93,40,41,THR,THR
94,41,42,GLY,GLY
95,42,43,ILE,ILE
96,43,44,LEU,LEU
97,44,45,SER,SER
98,45,46,ILE,ILE
99,46,47,PHE,PHE
100,47,48,CYS,CYS
101,48,49,ALA,ALA
102,49,50,GLN,GLN
103,50,51,ALA,ALA
104,51,52,GLY,GLY
105,52,53,ALA,ALA
106,53,54,ARG,ARG
107,54,55,ARG,ARG
108,55,56,VAL,VAL
109,56,57,TYR,TYR
110,57,58,ALA,ALA
111,58,59,VAL,VAL
112,59,60,GLU,GLU
113,60,61,ALA,ALA
114,61,62,SER,SER
115,62,63,ALA,ALA
116,63,64,ILE,ILE
117,64,65,TRP,TRP
118,65,66,GLN,GLN
119,66,67,GLN,GLN
120,67,68,ALA,ALA
121,68,69,ARG,ARG
122,69,70,GLU,GLU
123,70,71,VAL,VAL
124,71,72,VAL,VAL
125,72,73,ARG,ARG
126,73,74,PHE,PHE
127,74,75,ASN,ASN
128,75,76,GLY,GLY
129,76,77,LEU,LEU
130,77,78,GLU,GLU
131,78,79,ASP,ASP
132,79,80,ARG,ARG
133,80,81,VAL,VAL
134,81,82,HIS,HIS
135,82,83,VAL,VAL
136,83,84,LEU,LEU
137,84,85,PRO,PRO
138,85,86,GLY,GLY
139,86,87,PRO,PRO
140,87,88,VAL,VAL
141,88,89,GLU,GLU
142,89,90,THR,THR
143,90,91,VAL,VAL
144,91,92,GLU,GLU
145,92,93,LEU,LEU
146,93,94,PRO,PRO
147,94,95,GLU,GLU
148,95,96,GLN,GLN
149,96,97,VAL,VAL
150,97,98,ASP,ASP
151,98,99,ALA,ALA
152,99,100,ILE,ILE
153,100,101,VAL,VAL
154,101,102,SER,SER
155,102,103,GLU,GLU
156,103,104,TRP,TRP
157,104,105,MET,MET
158,105,106,GLY,GLY
159,106,107,TYR,TYR
160,107,108,GLY,GLY
161,108,109,LEU,LEU
162,109,110,LEU,LEU
163,110,111,HIS,HIS
164,111,112,GLU,GLU
165,112,113,SER,SER
166,113,114,MET,MET
167,114,115,LEU,LEU
168,115,116,SER,SER
169,116,117,SER,SER
170,117,118,VAL,VAL
171,118,119,LEU,LEU
172,119,120,HIS,HIS
173,120,121,ALA,ALA
174,121,122,ARG,ARG
175,122,123,THR,THR
176,123,124,LYS,LYS
177,124,125,TRP,TRP
178,125,126,LEU,LEU
179,126,127,LYS,LYS
180,127,128,GLU,GLU
181,128,129,GLY,GLY
182,129,130,GLY,GLY
183,130,131,LEU,LEU
184,131,132,LEU,LEU
185,132,133,LEU,LEU
186,133,134,PRO,PRO
187,134,135,ALA,ALA
188,135,136,SER,SER
189,136,137,ALA,ALA
190,137,138,GLU,GLU
191,138,139,LEU,LEU
192,139,140,PHE,PHE
193,140,141,ILE,ILE
194,141,142,ALA,VAL
195,142,143,PRO,PRO
196,143,144,ILE,ILE
197,144,145,SER,SER
198,145,146,ASP,ASP
199,146,147,GLN,GLN
200,147,148,MET,MET
201,148,149,LEU,LEU
202,149,150,GLU,GLU
203,150,151,TRP,TRP
204,151,152,ARG,ARG
205,152,153,LEU,LEU
206,153,154,GLY,GLY
207,154,155,PHE,PHE
208,155,156,TRP,TRP
209,156,157,SER,SER
210,157,158,GLN,GLN
211,158,159,VAL,VAL
212,159,160,LYS,LYS
213,160,161,GLN,GLN
214,161,162,HIS,HIS
215,162,163,TYR,TYR
216,163,164,GLY,GLY
217,164,165,VAL,VAL
218,165,166,ASP,ASP
219,166,167,MET,MET
220,167,168,SER,SER
221,168,169,CYS,CYS
222,169,170,LEU,LEU
223,170,171,GLU,GLU
224,171,172,GLY,GLY
225,172,173,PHE,PHE
226,173,174,ALA,ALA
227,174,175,THR,THR
228,175,176,ARG,ARG
229,176,177,CYS,CYS
230,177,178,LEU,LEU
231,178,179,MET,MET
232,179,180,GLY,GLY
233,180,181,HIS,HIS
234,181,182,SER,SER
235,182,183,GLU,GLU
236,183,184,ILE,ILE
237,184,185,VAL,VAL
238,185,186,VAL,VAL
239,186,187,GLN,GLN
240,187,188,GLY,GLY
241,188,189,LEU,LEU
242,189,190,SER,SER
243,190,191,GLY,GLY
244,191,192,GLU,GLU
245,192,193,ASP,ASP
246,193,194,VAL,VAL
247,194,195,LEU,LEU
248,195,196,ALA,ALA
249,196,197,ARG,ARG
250,197,198,PRO,PRO
251,198,199,GLN,GLN
252,199,200,ARG,ARG
253,200,201,PHE,PHE
254,201,202,ALA,ALA
255,202,203,GLN,GLN
256,203,204,LEU,LEU
257,204,205,GLU,GLU
258,205,206,LEU,LEU
259,206,207,SER,SER
260,207,208,ARG,ARG
261,208,209,ALA,ALA
262,209,210,GLY,GLY
263,210,211,LEU,LEU
264,211,212,GLU,GLU
265,212,213,GLN,GLN
266,213,214,GLU,GLU
267,214,215,LEU,LEU
268,215,216,GLU,GLU
269,216,217,ALA,ALA
270,217,218,GLY,GLY
271,218,219,VAL,VAL
272,219,220,GLY,GLY
273,220,221,GLY,GLY
274,221,222,ARG,ARG
275,222,223,PHE,PHE
276,223,224,ARG,ARG
277,224,225,CYS,CYS
278,225,226,SER,SER
279,226,227,CYS,CYS
280,227,228,TYR,TYR
281,228,229,GLY,GLY
282,229,230,SER,SER
283,230,231,ALA,ALA
284,231,232,PRO,PRO
285,232,233,MET,MET
286,233,234,HIS,HIS
287,234,235,GLY,GLY
288,235,236,PHE,PHE
289,236,237,ALA,ALA
290,237,238,ILE,ILE
291,238,239,TRP,TRP
292,239,240,PHE,PHE
293,240,241,GLN,GLN
294,241,242,VAL,VAL
295,242,243,THR,THR
296,243,244,PHE,PHE
297,244,245,PRO,PRO
298,245,246,GLY,GLY
299,246,247,GLY,GLY
300,247,248,GLU,
301,248,249,SER,
302,249,250,GLU,GLU
303,250,251,LYS,LYS
304,251,252,PRO,PRO
305,252,253,LEU,LEU
306,253,254,VAL,VAL
307,254,255,LEU,LEU
308,255,256,SER,SER
309,256,257,THR,THR
310,257,258,SER,SER
311,258,259,PRO,PRO
312,259,260,PHE,PHE
313,260,261,HIS,HIS
314,261,262,PRO,PRO
315,262,263,ALA,ALA
316,263,264,THR,THR
317,264,265,HIS,HIS
318,265,266,TRP,TRP
319,266,267,LYS,LYS
320,267,268,GLN,GLN
321,268,269,ALA,ALA
322,269,270,LEU,LEU
323,270,271,LEU,LEU
324,271,272,TYR,TYR
325,272,273,LEU,LEU
326,273,274,ASN,ASN
327,274,275,GLU,GLU
328,275,276,PRO,PRO
329,276,277,VAL,VAL
330,277,278,GLN,GLN
331,278,279,VAL,VAL
332,279,280,GLU,GLU
333,280,281,GLN,GLN
334,281,282,ASP,ASP
335,282,283,THR,THR
336,283,284,ASP,ASP
337,284,285,VAL,VAL
338,285,286,SER,SER
339,286,287,GLY,GLY
340,287,288,GLU,GLU
341,288,289,ILE,ILE
342,289,290,THR,THR
343,290,291,LEU,LEU
344,291,292,LEU,LEU
345,292,293,PRO,PRO
346,293,294,SER,SER
347,294,295,ARG,ARG
348,295,296,ASP,ASP
349,296,297,ASN,ASN
350,297,298,PRO,PRO
351,298,299,ARG,ARG
352,299,300,ARG,ARG
353,300,301,LEU,LEU
354,301,302,ARG,ARG
355,302,303,VAL,VAL
356,303,304,LEU,LEU
357,304,305,LEU,LEU
358,305,306,ARG,ARG
359,306,307,TYR,TYR
360,307,308,LYS,LYS
361,308,309,VAL,VAL
362,309,310,GLY,GLY
363,310,311,ASP,ASP
364,311,312,GLN,GLN
365,312,313,GLU,GLU
366,313,314,GLU,GLU
367,314,315,LYS,LYS
368,315,316,THR,THR
369,316,317,LYS,LYS
370,317,318,ASP,ASP
371,318,319,PHE,PHE
372,319,320,ALA,ALA
373,320,321,MET,MET
374,321,322,GLU,GLU
375,322,323,ASP,ASP
