protein,stride_in_10ps,method,seed,weighted_final_backbone_rmsd_a,best_valid_final_backbone_rmsd_a,heavy_rmsd_metric,weighted_final_heavy_rmsd_a,weighted_valid_thp,returned_valid_target_hit_count,population_size,valid_anytime_hit_count,path_diversity_normalized_tica_dtw_mean,sampled_frame_ets_kj_mol_mean,decoder_nfe,wall_clock_s,whole_path_valid_fraction,run_directory
bba,128,duet,211,3.2360759327697224,2.410051767248339,common-heavy-atom_Kabsch_RMSD,5.2666750950789645,0.6560889020927332,2,4,4,0.1143569390401365,120200428496087.44,101888,2650.7528169723228,1.0,/workspace/sejin/AI_MD_NSMC_phase_b_recovery/outputs/small_protein_transition_pilot/bba/stride128_t32/duet/seed_211
bba,128,duet,223,3.596763356105395,3.2627165141373458,common-heavy-atom_Kabsch_RMSD,6.03529914374657,0.0,0,4,0,,,101888,2614.29518994689,0.75,/workspace/sejin/AI_MD_NSMC_phase_b_recovery/outputs/small_protein_transition_pilot/bba/stride128_t32/duet/seed_223
bba,128,frozen,211,6.629497893919515,4.636542807211672,common-heavy-atom_Kabsch_RMSD,8.484457086527362,0.25,4,16,5,0.4220203117146108,373098943666865.75,101888,2756.7785351909697,0.3125,/workspace/sejin/AI_MD_NSMC_phase_b_recovery/outputs/small_protein_transition_pilot/bba/stride128_t32/frozen/seed_211
bba,128,frozen,223,6.104853874484579,3.539233564442419,common-heavy-atom_Kabsch_RMSD,7.705879673455329,0.125,2,16,3,0.39416501885615524,2.848025623155735e+17,101888,2810.678469946608,0.375,/workspace/sejin/AI_MD_NSMC_phase_b_recovery/outputs/small_protein_transition_pilot/bba/stride128_t32/frozen/seed_223
bba,16,duet,211,3.2397059481146258,3.7907004767149446,common-heavy-atom_Kabsch_RMSD,5.512706988831747,0.0,0,4,0,,,101888,2604.566751227714,0.25,/workspace/sejin/AI_MD_NSMC_phase_b_recovery/outputs/small_protein_transition_pilot/bba/stride16_t32/duet/seed_211
bba,16,duet,223,3.261501925642559,2.97059682890389,common-heavy-atom_Kabsch_RMSD,5.200309242331634,0.5986162064483275,1,4,4,,1.89982921540876e+16,101888,2607.3853795947507,1.0,/workspace/sejin/AI_MD_NSMC_phase_b_recovery/outputs/small_protein_transition_pilot/bba/stride16_t32/duet/seed_223
bba,16,frozen,211,7.334141367668016,5.143043128031302,common-heavy-atom_Kabsch_RMSD,8.998572999673003,0.25,4,16,8,0.4980532472042971,7.133533417839425e+16,101888,2812.505235481076,0.8125,/workspace/sejin/AI_MD_NSMC_phase_b_recovery/outputs/small_protein_transition_pilot/bba/stride16_t32/frozen/seed_211
bba,16,frozen,223,6.671158735072319,5.097231444424716,common-heavy-atom_Kabsch_RMSD,8.315962151187534,0.25,4,16,7,0.4202693098389518,8961193182151756.0,101888,2714.384330626577,0.5,/workspace/sejin/AI_MD_NSMC_phase_b_recovery/outputs/small_protein_transition_pilot/bba/stride16_t32/frozen/seed_223
chignolin,128,duet,211,2.7975028931829238,,common-heavy-atom_Kabsch_RMSD,4.5043524636540475,0.0,0,4,0,,,101888,2488.6830522837117,0.0,/workspace/sejin/AI_MD_NSMC_phase_b_recovery/outputs/small_protein_transition_pilot/chignolin/stride128_t32/duet/seed_211
chignolin,128,duet,223,1.7615980002752312,,common-heavy-atom_Kabsch_RMSD,2.887862104624969,0.0,0,4,0,,,101888,2268.2734322557226,0.0,/workspace/sejin/AI_MD_NSMC_phase_b_recovery/outputs/small_protein_transition_pilot/chignolin/stride128_t32/duet/seed_223
chignolin,128,frozen,211,4.007372495167923,2.883389543146101,common-heavy-atom_Kabsch_RMSD,5.850240288455337,0.0,0,16,7,,,101888,2396.921382165514,0.625,/workspace/sejin/AI_MD_NSMC_phase_b_recovery/outputs/small_protein_transition_pilot/chignolin/stride128_t32/frozen/seed_211
chignolin,128,frozen,223,3.857958412935182,2.256379821567576,common-heavy-atom_Kabsch_RMSD,5.286128501443821,0.0,0,16,13,,,101888,2639.09318999853,0.875,/workspace/sejin/AI_MD_NSMC_phase_b_recovery/outputs/small_protein_transition_pilot/chignolin/stride128_t32/frozen/seed_223
chignolin,16,duet,211,2.106188761770433,,common-heavy-atom_Kabsch_RMSD,3.281424936572112,0.0,0,4,0,,,101888,2318.8589484887198,0.0,/workspace/sejin/AI_MD_NSMC_phase_b_recovery/outputs/small_protein_transition_pilot/chignolin/stride16_t32/duet/seed_211
chignolin,16,duet,223,2.3885655964900154,2.2604557599418817,common-heavy-atom_Kabsch_RMSD,4.672100988184499,0.0,0,4,3,,,101888,2570.4437314299867,0.75,/workspace/sejin/AI_MD_NSMC_phase_b_recovery/outputs/small_protein_transition_pilot/chignolin/stride16_t32/duet/seed_223
chignolin,16,frozen,211,3.7558048335939294,3.4252576185184043,common-heavy-atom_Kabsch_RMSD,5.494743291471652,0.0,0,16,6,,,101888,2654.761708114296,0.5625,/workspace/sejin/AI_MD_NSMC_phase_b_recovery/outputs/small_protein_transition_pilot/chignolin/stride16_t32/frozen/seed_211
chignolin,16,frozen,223,3.5663601918147316,2.717879951958926,common-heavy-atom_Kabsch_RMSD,5.261872001680152,0.0,0,16,6,,,101888,2630.089024597779,0.4375,/workspace/sejin/AI_MD_NSMC_phase_b_recovery/outputs/small_protein_transition_pilot/chignolin/stride16_t32/frozen/seed_223
trpcage,128,duet,211,2.718638075878183,2.3536118138530004,common-heavy-atom_Kabsch_RMSD,4.293699089429686,0.33268659812699886,1,4,2,,148249053619.01157,101888,2427.7539246230153,0.5,/workspace/sejin/AI_MD_NSMC_phase_b_recovery/outputs/small_protein_transition_pilot/trpcage/stride128_t32/duet/seed_211
trpcage,128,duet,223,3.317197645673021,2.5811476244365976,common-heavy-atom_Kabsch_RMSD,4.831555845173598,0.12018909356562499,1,4,4,,3.4626775102103252e+16,101888,2410.0003452199744,1.0,/workspace/sejin/AI_MD_NSMC_phase_b_recovery/outputs/small_protein_transition_pilot/trpcage/stride128_t32/duet/seed_223
trpcage,128,frozen,211,4.836660614780585,2.500686097165883,common-heavy-atom_Kabsch_RMSD,6.419649331268516,0.0625,1,16,6,,7352787186493.537,101888,2776.0976340411,0.4375,/workspace/sejin/AI_MD_NSMC_phase_b_recovery/outputs/small_protein_transition_pilot/trpcage/stride128_t32/frozen/seed_211
trpcage,128,frozen,223,4.9586253340746484,2.949009998466546,common-heavy-atom_Kabsch_RMSD,6.4604029720919876,0.125,2,16,3,0.702996505865845,13448413462847.36,101888,2455.272745224065,0.1875,/workspace/sejin/AI_MD_NSMC_phase_b_recovery/outputs/small_protein_transition_pilot/trpcage/stride128_t32/frozen/seed_223
trpcage,16,duet,211,4.328914093895353,3.855022693480543,common-heavy-atom_Kabsch_RMSD,6.285348831679891,0.0,0,4,0,,,101888,2399.9418603220256,1.0,/workspace/sejin/AI_MD_NSMC_phase_b_recovery/outputs/small_protein_transition_pilot/trpcage/stride16_t32/duet/seed_211
trpcage,16,duet,223,4.062134442235866,3.4187466653287504,common-heavy-atom_Kabsch_RMSD,5.79511053899998,0.0,0,4,0,,,101888,2415.2036626889603,1.0,/workspace/sejin/AI_MD_NSMC_phase_b_recovery/outputs/small_protein_transition_pilot/trpcage/stride16_t32/duet/seed_223
trpcage,16,frozen,211,4.898947212754296,5.233790681259319,common-heavy-atom_Kabsch_RMSD,6.468060209622005,0.0,0,16,0,,,101888,2793.5850071489112,0.0625,/workspace/sejin/AI_MD_NSMC_phase_b_recovery/outputs/small_protein_transition_pilot/trpcage/stride16_t32/frozen/seed_211
trpcage,16,frozen,223,5.108164416866977,5.36287336992774,common-heavy-atom_Kabsch_RMSD,6.516403723735477,0.0625,1,16,2,,1036004391891055.9,101888,2502.086070796009,0.25,/workspace/sejin/AI_MD_NSMC_phase_b_recovery/outputs/small_protein_transition_pilot/trpcage/stride16_t32/frozen/seed_223
